{"web":{"client_id":"603586368584-90gcagppmt1dvt9gjbep99sa4vf1en19.apps.googleusercontent.com","project_id":"restaurant-menu-app-168314","auth_uri":"https://accounts.google.com/o/oauth2/auth","token_uri":"https://accounts.google.com/o/oauth2/token","auth_provider_x509_cert_url":"https://www.googleapis.com/oauth2/v1/certs","client_secret":"ITS5hDIw8a7gHZ4TktSZNvLM","redirect_uris":["http://www.example.com/oauth2callback","http://localhost:5000/login","http://localhost:5000/gconnect"],"javascript_origins":["http://www.example.com","http://localhost:5000"]}}